,Authority,Event-code,Description ENG
12,AT,AJI,ERRONEOUS WITHDRAWAL
26,AT,EELI,ERRONEOUS LAPSE OF AN EP NUMBER
43,AT,ELI,ERRONEOUS LAPSE
93,AT,SPCE,FILING FOR EXTENDING AN SPC (PAEDIATRIC MEDICAMENT)
94,AT,SPCF,FILING AN SPC
107,AT,SZV,SPC PROLONGED
183,AU,NC,EXTENSION OF TERM  FOR STANDARD PATENT REQUESTED (SECT. 70)
184,AU,NCF,EXTENSION OF TERM FOR PETTY PATENT REQUESTED (SECT. 69)
187,AU,NDA,EXTENSION OF TERM FOR STANDARD PATENT ACCEPTED (SECT.70)
310,BR,B10F,CESSATION: DECISION CANCELLED
321,BR,B11M,DECISION CANCELLED [CHAPTER 11.13 PATENT GAZETTE]
363,BR,B17B,NOTIFICATION OF ADMINISTRATIVE NULLITY CANCELLED
454,BR,CC,OPPOSITION REJECTED
538,BR,HIFC,REFUSAL CANCELLED
543,BR,HIMR,LAPSE DECISION CANCELLED
563,BR,HKME,REQUEST FOR REVOCATION (DELETED)
588,BR,ND,EXTENSION OF TIME ALLOWED
589,BR,NDF,EXTENSION OF TIME ALLOWED - ART 21
611,CA,AFNE,NATIONAL PHASE ENTRY
612,CA,AZWC,WITHDRAWN (CORRECTION)
617,CA,MKEC,EXPIRY (CORRECTION)
620,CA,MKLC,LAPSED (CORRECTION)
621,CA,MZSC,SURRENDER (CORRECTION)
625,CH,AECN,CONTINUATION OF PROCEEDINGS AGREED
636,CH,EP,EUROPEAN PATENT TAKES EFFECT AS A NATIONAL PATENT IN CH/LI
638,CH,G11,EXTENSION OF SPC TERM REQUESTED
650,CH,NE,PATENT NOT CEASED
697,CH,SPCX,EXTENSION OF SUPPLEMENTARY PROTECTION CERTIFICATE REQUESTED
725,CN,C15,EXTENSION OF PATENT RIGHT DURATION FROM 15 TO 20 YEARS FOR APPL. WITH DATE BEFORE 31.12.1992 AND STILL VALID ON 11.12.2001 (PATENT LAW CHANGE 1993)
795,CN,PD01,DISCHARGE OF PRESERVATION OF PATENT
799,CN,PP01,PRESERVATION OF PATENT RIGHT
806,CN,RINS,PRESERVATION OF PATENT RIGHT OR UTILITY MODEL AND ITS DISCHARGE
814,CN,TG01,PATENT TERM ADJUSTMENT
815,CN,TP01,PATENT TERM EXTENSION [PHARMACEUTICAL PRODUCT PATENT]
853,CZ,ND1K,FIRST OR SECOND EXTENSION OF TERM OF UTILITY MODEL
855,DD,A1,PUBLISHED AS PROV. ECONOMIC PATENT
856,DD,A2,PUBLISHED AS PROV. ECONOMIC PATENT (ADDITIONAL PATENT)
857,DD,A3,PUBLISHED AS ECONOMIC PATENT
864,DD,B3,EXCLUSIVE PATENT (SECT. 18(1))
865,DD,B5,"PATENT SPECIFICATION,  2ND PUBL. ACCORD. TO EXTENSION ACT"
869,DD,C2,ECONOMIC PATENT (SECT. 19)
870,DD,C4,EXCLUSIVE PATENT (SECT. 19)
871,DD,C5,"PATENT SPECIFICATION, 3RD PUBL. ACCORD. TO EXTENSION ACT"
883,DD,EZ,ACTION FOR VOID DECLARATION WITHDRAWN
892,DD,NAB,PUBLIC NOTICE FOR INSPECTION OF PROVISIONAL EXCLUSIVE PATENT ACCORD. TO PAR 17/1 DD-PATG.
893,DD,NAC,PUBLIC NOTICE FOR INSPECTION OF PROVISIONAL EXCLUSIVE PATENT ACCORD. TO PAR 18/2 DD-PATG.
899,DD,O103,LAID OPEN (SECT. 10/3 PATENT ACT
920,DD,VEU,OPPOSITION AGAINST PATENT IRRECEIVABLE
965,DE,8178,SUSPENSION CANCELLED
989,DE,8278,SUSPENSION CANCELLED
1002,DE,8316,REQUEST FOR RESTRICTION WITHDRAWN
1022,DE,8364,NO OPPOSITION DURING TERM OF OPPOSITION
1026,DE,8368,OPPOSITION REFUSED DUE TO INADMISSIBILITY
1028,DE,8370,INDICATION RELATED TO DISCONTINUATION OF THE PATENT IS TO BE DELETED
1032,DE,8378,INSTRUCTION FOR SUSPENSION HAS BEEN QUASHED
1078,DE,E77,VALID PATENT AS TO THE  HEYMANNS-INDEX  1977
1093,DE,OAM,SEARCH REPORT AVAILABLE
1096,DE,OAR,REQUEST FOR SEARCH FILED
1099,DE,OC,SEARCH REPORT AVAILABLE
1111,DE,ON,LATER SUBMITTED PAPERS
1143,DE,R028,DECISION THAT OPPOSITION INADMISSIBLE NOW FINAL
1149,DE,R040,WITHDRAWAL/REFUSAL OF REVOCATION ACTION NOW FINAL
1154,DE,R047,LIMITATION REQUEST WITHDRAWN
1156,DE,R051,REQUEST TO LIMIT PATENT REJECTED BY PATENT DIVISION
1157,DE,R052,REQUEST TO LIMIT PATENT REJECTED BY FEDERAL PATENT COURT
1162,DE,R059,REVOCATION REQUEST WITHDRAWN
1163,DE,R060,REVOCATION REQUEST DEEMED WITHDRAWN
1224,DE,R166,REQUEST FOR CANCELLATION OR RULING INADMISSIBLE
1229,DE,R172,REQUEST FOR CANCELLATION OF UTILITY MODEL REFUSED
1230,DE,R173,REQUEST FOR CANCELLATION OF UTILITY MODEL REFUSED
1233,DE,R176,REQUEST THAT UTILITY MODEL BE RULED INVALID WITHDRAWN
1238,DE,R210,TRANSLATION OF EP CLAIMS
1250,DE,R412,REQUEST FOR PATENT LIMITATION SUBSEQUENTLY FOUND INVALID
1251,DE,R420,REQUEST FOR TERM EXTENSIONS (CHILDREN'S MEDICINES)
1256,DE,R427,"REQUEST THAT TERM EXTENSION BE RESCINDED (SPC, CHILDRENS MEDICINES)"
1265,DE,R451,REQUEST FOR LIMITATION OF THE PATENT BY THE EPO REJECTED
1312,DK,BP,CORRECTION OF LAPSE OF PATENT
1314,DK,CTFG,SUPPLEMENTARY PROTECTION CERTIFICATE (SPC) ISSUED
1340,DK,PDP,DECISION ON OPPOSITION
1341,DK,PDQ,REQUEST FOR OPPOSITION WITHDRAWN
1392,DK,SPCE,FILING AN EXTENSION FOR AN SPC
1397,DK,T3,EP PATENT WITH DANISH CLAIMS
1434,EA,ND4A,EXTENSION OF TERM OF A EURASIAN PATENT
1454,EE,AA1Y,SPC FILED
1459,EE,FG4A,TRANSLATION OF THE SPECIFICATION OF EUROPEAN PATENT VALID IN ESTONIA
1472,EE,KB4A,VALID PATENT AT THE END OF A YEAR
1484,EE,QB4A,LICENCE REGISTERED
1487,EE,SPCE,REQUEST FOR EXTENSION OF SUPPLEMENTARY PROTECTION CERTIFICATE  FILED [PAEDIATRIC EXTENSION]
1517,EP,25N,VALID IN ALL DESIGNATED STATES
1519,EP,26D,OPPOSITION DEEMED NOT TO HAVE BEEN FILED
1520,EP,26N,NO OPPOSITION FILED
1521,EP,26U,OPPOSITION FOUND INADMISSIBLE
1523,EP,27C,OPPOSITION PROCEEDINGS TERMINATED
1524,EP,27O,OPPOSITION REJECTED
1550,EP,AK,DESIGNATED CONTRACTING STATES
1552,EP,AKX,DESIGNATION FEES PAID
1610,EP,AX,REQUEST FOR EXTENSION OF THE EUROPEAN PATENT
1611,EP,AXX,EXTENSION FEES PAID
1638,EP,D25,LAPSED IN A CONTRACTING STATE (DELETED)
1656,EP,DBV,DESIGNATED CONTRACTING STATES (DELETED)
1662,EP,EL,FR: TRANSLATION OF CLAIMS FILED
1663,EP,EL1,FR: TRANSLATION OR CORRECTED TRANSLATION OF CLAIMS FILED
1664,EP,EM,FR: REVISED TRANSLATION OF CLAIMS FILED
1667,EP,EN4,FR: NOTIFICATION OF NON FILING TRANSLATION IN AN EARLIER BOPI IS ERRONEOUS
1668,EP,EPTA,LU: LAST PAID ANNUAL FEE
1669,EP,ET,FR: TRANSLATION FILED
1670,EP,ET1,FR: TRANSLATION FILED ** REVISION OF THE TRANSLATION OF THE PATENT OR THE CLAIMS
1671,EP,ET2,FR: TRANSLATION FILED ** REVISION OF THE TRANSLATION OF THE MODIFIED PATENT AFTER OPPOSITION
1672,EP,ET3,FR: TRANSLATION FILED ** DECISION CONCERNING OPPOSITION
1673,EP,ETR,FR: TRANSLATION FILED ** RESTORATION OF THE RIGHT
1679,EP,GBA,GB: TRANSLATION AMENDED (GB SECTION 77(6)(A)/1977)
1680,EP,GBAT,GB: AMENDMENT OF TRANSLATION ALLOWED (OF EP PATENT) (GB SECT. 80(3)/1977)
1682,EP,GBC,GB: TRANSLATION OF CLAIMS FILED (GB SECTION 78(7)/1977)
1683,EP,GBC8,GB: TRANSLATION OF CLAIMS FILED (GB SECTION 80(3)/1977)
1684,EP,GBCC,GB: CORRECTED TRANSLATION (OF CLAIMS) FILED (GB SECTION 80(3)/1977)
1685,EP,GBDL,"GB: DELETE ""EUROPEAN PATENT CEASED"" FROM JOURNAL"
1695,EP,GBT,GB: TRANSLATION OF EP PATENT FILED (GB SECTION 77(6)(A)/1977)
1696,EP,GBT8,GB: TRANSLATION FILED (GB SECTION 80(3)/1977)
1697,EP,GBTA,GB: TRANSLATION OF AMENDED EP PATENT FILED (GB SECTION 77(6)(B)/1977)
1698,EP,GBTC,GB: CORRECTED TRANSLATION (OF EP PATENT) FILED (GB SECTION 80(3)/1977)
1722,EP,IECL,IE: TRANSLATION FOR EP CLAIMS FILED
1725,EP,ITCL,IT: TRANSLATION FOR EP CLAIMS FILED
1727,EP,ITF,IT: TRANSLATION FOR A EP PATENT FILED
1760,EP,NLR3,NL: RECEIPT OF MODIFIED TRANSLATIONS IN THE NETHERLANDS LANGUAGE AFTER AN OPPOSITION PROCEDURE
1761,EP,NLR4,NL: RECEIPT OF CORRECTED TRANSLATION IN THE NETHERLANDS LANGUAGE AT THE INITIATIVE OF THE PROPRIETOR OF THE PATENT
1814,EP,PLBE,NO OPPOSITION FILED WITHIN TIME LIMIT
1816,EP,PLBG,OPPOSITION DEEMED NOT TO HAVE BEEN FILED
1817,EP,PLBH,OPPOSITION DEEMED NOT TO HAVE BEEN FILED
1819,EP,PLBJ,OPPOSITION FOUND INADMISSIBLE
1820,EP,PLBK,OPPOSITION FOUND INADMISSIBLE
1823,EP,PLBN,OPPOSITION REJECTED
1824,EP,PLBO,OPPOSITION REJECTED
1825,EP,PLBP,OPPOSITION WITHDRAWN
1828,EP,PLBS,REJECTION OF THE REQUEST FOR REVOCATION TAKES LEGAL EFFECT
1854,EP,PLCS,REQUEST FOR LIMITATION OF PATENT DEEMED NOT FILED
1856,EP,PLCU,REQUEST FOR LIMITATION OF PATENT FOUND INADMISSIBLE
1857,EP,PLCV,REQUEST FOR LIMITATION OF PATENT REJECTED
1858,EP,PLCW,REQUEST FOR LIMITATION OF PATENT WITHDRAWN
1917,EP,R26D,OPPOSITION DEEMED NOT TO HAVE BEEN FILED (CORRECTED)
1919,EP,R26U,OPPOSITION FOUND INADMISSIBLE (CORRECTED)
1920,EP,R27A,PATENT MAINTAINED IN AMENDED FORM (CORRECTED)
1922,EP,R27O,INFORMATION RELATED TO THE REJECTION OF OPPOSITION MODIFIED: OPPOSITION REJECTED
1932,EP,RA4,SUPPLEMENTARY SEARCH REPORT DRAWN UP AND DESPATCHED (CORRECTED)
1942,EP,RB1,B1 DOCUMENT PUBLISHED (CORRECTED)
1943,EP,RB2,B2 DOCUMENT PUBLISHED (CORRECTED)
1944,EP,RBV,DESIGNATED CONTRACTING STATES (CORRECTED)
1961,EP,RJL1,REQUEST FOR LIMITATION REJECTED [SUBSTANTIVE REFUSAL]
1962,EP,RJL2,REQUEST FOR LIMITATION REJECTED AS INADMISSIBLE FOR FORMAL REASONS
1963,EP,RJL3,REQUEST FOR LIMITATION REJECTED DUE TO NO OR LATE REPLY TO SUBSET REPORT
1964,EP,RJL4,REQUEST FOR LIMITATION REJECTED BECAUSE RALL (REQUEST ALLOWED) REQUIREMENTS NOT FULFILLED
1968,EP,RVAD,REVOCATION REQUEST IS DEEMED NOT FILED ART. 105A (FOR REVOCATION FILED AFTER OPPOSITION PERIOD)
1969,EP,RVAI,REVOCATION REQUEST IS INADMISSIBLE ART. 105A (FOR REVOCATION FILED AFTER  OPPOSITION PERIOD)
1971,EP,RVDD,REVOCATION REQUEST IS DEEMED NOT FILED ART. 105A  (FOR REVOCATION FILED DURING OPPOSITION PERIOD)
1972,EP,RVDI,REVOCATION REQUEST IS INADMISSIBLE ART. 105A  (FOR REVOCATION FILED DURING OPPOSITION PERIOD)
1975,EP,SC4A,PT: TRANSLATION IS AVAILABLE
1977,EP,T1,DK: TRANSLATION OF THE CLAIMS OF EP PATENT
1979,EP,T3,DK: TRANSLATION OF EP PATENT
1980,EP,T4,DK: TRANSLATION OF AMENDED EP PATENT
1981,EP,T5,DK: CORRECTED TRANSLATION OF EP PATENT
1982,EP,TCAT,AT: TRANSLATION OF PATENT CLAIMS FILED
1983,EP,TCNL,NL: TRANSLATION OF PATENT CLAIMS FILED
1989,EP,U01,REQUEST FOR UNITARY EFFECT FILED
2067,ES,CB1K,OPPOSITION SUSPENDED
2104,ES,PC1K,TRANSFER OF UTILITY MODEL
2105,ES,PC2A,TRANSFER OF PATENT
2113,ES,RD2A,SEIZURE OF PATENT FREED
2127,ES,SPCN,REQUEST FOR RESTORATION [SUPPLEMENTARY PROTECTION CERTIFICATE]
2142,FI,CC,OPPOSITION REJECTED
2179,FI,NG,OPPOSITION WITHDRAWN
2195,FI,SPCP,EXTENSION OF A SUPPLEMENTARY PROTECTION CERTIFICATE [PEDIATRIC EXTENSION]
2197,FI,SPCX,SUPPLEMENTARY PROTECTION CERTIFICATE: CORRECTION
2235,FR,DA,ANNULMENT OF DECISION OF LAPSE
2250,FR,EL,TRANSLATION OF CLAIMS FILED
2254,FR,EXTE,EXTENSION TO A FRENCH TERRITORY
2285,FR,RC,OPPOSITION AGAINST DECISION OF LAPSE
2304,FR,SPAY,ANNUAL FEE FOR SPC PAID [SUPPLEMENTARY PROTECTION CERTIFICATE]
2325,FR,SPCY,REQUEST FOR EXTENSION OF A SUPPLEMENTARY PROTECTION CERTIFICATE FOR MEDICATION
2336,GB,152R,RESTORATION OF PATENT. RULE 152
2383,GB,427B,ORDER MADE RESTORING THE PATENT (SECT. 27/1949)
2446,GB,430X,TREATED AS WITHDRAWN (SECT. 30/1949)
2646,GB,728A,ORDER MADE RESTORING THE PATENT (SECT. 28/1977)
2899,GB,PCPE,DELETE 'PATENT CEASED' FROM JOURNAL
2910,GB,RCOR,"CORRECTION TO FORMER NOTICE OF VOID, REVOKED, CEASED OR EXPIRED PATENT"
2967,GR,PP,EP - PROVISIONAL PROTECTION
3027,HR,NOST,RECOGNITION [IP RIGHT]
3047,HR,PPNO,PROPOSAL FOR THE DECLARATION OF NULLITY OF A PATENT REJECTED/REFUSED
3067,HR,ZALO,APPEAL REJECTED/WITHDRAWN /REFUSED
3071,HU,AG4A,FILING OF THE TRANSLATION OF THE TEXT OF EUROPEAN PATENTS
3073,HU,AG4F,SUBMISSION OF A TRANSLATION OF THE TEXT OF AN AMENDED EUROPEAN PATENT
3074,HU,AG4K,SUBMISSION OF A TRANSLATION OF THE TEXT OF A LIMITED EUROPEAN PATENT
3135,HU,QB4A,EXPLOITATION CONTRACT
3182,IE,SPCE,REQUEST FOR EXTENSION OF SUPPLEMENTARY PROTECTION CERTIFICATE FILED [PAEDIATRIC EXTENSION]
3208,IL,EXTH,PATENT EXTENSION ORDER CORRECTED (SECT. 64P(2))
3210,IL,EXTN,EXTENSION ORDER RENEWED
3222,IL,KB,PATENT RENEWED
3223,IL,KB20,PATENT RENEWED FOR 20 YEARS
3236,IL,PEL,INTENTION OF COMMISSIONER TO EXTEND PERIOD OF PROTECTION
3259,IT,SPCF,SUPPLEMENTARY PROTECTION CERTIFICATE (SPC) FILED
3305,JP,AA23,NOTIFICATION OF UTILITY MODEL REGISTRABILITY
3376,JP,R250,RECEIPT OF ANNUAL FEES
3396,JP,RD99,WRITTEN REQUEST FOR REGISTRATION OF RESTORE
3428,JP,SG99,WRITTEN REQUEST FOR REGISTRATION OF RESTORE
3532,KR,J021,TRIAL FOR OBJECTION TO REVOCATION DECISION [PATENT]: REQUEST FOR TRIAL
3607,KR,O135,DECISION ON OPPOSITION [PATENT]: WITHDRAWAL OF OPPOSITION
3665,KR,U12,DESIGNATION FEE PAID
3711,LT,ND9D,FILING A SUPPLEMENTARY PROTECTION CERTIFICATE
3724,LT,SPCE,FILING AN EXTENSION OF AN SPC (FOR PAEDIATRIC MEDICAMENTS)
3740,LU,CCP,SUPPLEMENTARY PROTECTION CERTIFICATE
3741,LU,CCPY,SUPPLEMENTARY PROTECTION CERTIFICATE FOR PLANT PROTECTION
3759,LU,SPCE,FILING FOR A PAEDIATRIC EXTENSION OF A SUPPLEMENTARY PROTECTION CERTIFICATE
3760,LU,SPCF,SUPPLEMENTARY PROTECTION CERTIFICATE (SPC) FILED
3767,LU,TA,ANNUAL FEE
3775,MD,1K4A,PAYMENT OF ANNUAL FEES
3800,MD,IF99,VALID PATENT ON 19990615
3814,MD,ND4K,EXTENSION OF THE VALIDITY TERM [UTILITY MODEL]
3815,MD,ND4Y,VALIDITY OF SHORT TERM PATENT EXTENDED [FROM 6 TO 10 YEARS]
3847,NL,A1X,A REQUEST FOR ADDITIONAL SEARCH HAS BEEN FILED
3848,NL,A1Y,AN ADDITIONAL SEARCH REPORT HAS BEEN DRAWN UP
3849,NL,A85,STILL PENDING ON 85-01-01
3913,NL,PLEX,LIFTING OF FORMER PLEDGE
3945,NL,RD2P,PATENTS IN RESPECT OF WHICH A DECISION HAS BEEN TAKEN OR A REPORT HAS BEEN MADE (OPPOSITION ACCORD. GENERAL ADMINSTRATIVE LAW WITHDRAWN)
3946,NL,RD2U,OPPOSITION IS FOUND UNREASONED
3961,NL,SPCC,LICENCE OF A SUPPLEMENTARY PROTECTION CERTIFICATE REGISTERED
4074,NO,TB2,AMENDMENT OF EUROPEAN PATENT (B2) VALID IN NORWAY
4093,NZ,PSEA,PATENT SEALED
4152,PL,T3,TRANSLATION OF EP PATENT
4153,PL,T4,TRANSLATION OF AMENDED EP PATENT
4206,PT,SC4A,TRANSLATION IS AVAILABLE
4212,RO,EPE,EP PATENT VALID IN ROMANIA
4250,RU,ND1K,EXTENDING UTILITY MODEL PATENT DURATION
4251,RU,ND4A,EXTENSION OF PATENT DURATION
4291,RU,RH9K,UTILITY MODEL DUPLICATE ISSUE
4326,SE,OPRJ,OPPOSITION REJECTED
4342,SE,SPCH,EXTENSION OF SUPPLEMENTARY PROTECTION CERTIFICATE NOTIFIED
4343,SE,SPCI,CORRECTION [SUPPLEMENTARY PROTECTION CERTIFICATE]
4355,SE,TRCL,SWEDISH TRANSLATION OF THE CLAIMS HAS BEEN FILED
4358,SI,IF,VALID ON THE EVENT DATE
4386,SI,ZPQC,DELETION OF DATA ON LIEN IN THE REGISTER
4408,SK,SPCF,FILING OF AN SPC
4418,SK,SPCZ,EXTENSION OF VALIDITY OF AN SPC
4448,US,355A,"PATENT TERM EXTENSION OR PATENT TERM RESTORATION ACCORDING TO 35 U.S.C. 155, 155A OR 156"
4449,US,356,PATENT TERM EXTENSION UNDER 35 U.S.C. 156
4452,US,946,PATENT TERM EXTENSION PRIVATE LAW 98-46 UNTIL/FOR
4491,US,PEL,PATENT TERM EXTENSION
4503,US,RN,RECISSION OF NOTICE OF PATENT EXPIRATION
4516,US,SULP,SURCHARGE FOR LATE PAYMENT
4546,WO,AK,DESIGNATED STATES
4547,WO,AL,DESIGNATED COUNTRIES FOR REGIONAL PATENTS
4548,WO,AN,ELECTED STATES
4560,WO,EL,FR: TRANSLATION OF CLAIMS FILED
4561,WO,EM,FR: REVISED TRANSLATION OF CLAIMS FILED
4565,WO,ENPZ,FORMER ANNOUNCEMENT OF THE WITHDRAWAL OF THE ENTRY INTO THE NATIONAL PHASE WAS WRONG
4569,WO,GBC,GB: TRANSLATION OF CLAIMS FILED FOR EP (GB SECTION 78(7)/1977)
4570,WO,IECL,IE: TRANSLATION OF CLAIMS FILED FOR EP (IE SECTION 120(6))
4577,WO,REF,CORRESPONDS TO
4579,WO,RET,DE TRANSLATION (DE OG PART 6B)
4580,WO,TCAT,AT: TRANSLATION OF CLAIMS FILED
